ts_code,inputs,pr_value,strategy,error
000001.SZ,"{'pe': 5.3847, 'roe': 10.08, 'dividend_payout_ratio': 0.19363097253848696}",1.0683928571428571,dividend_correction,
000002.SZ,"{'pb': 0.4112, 'roe': -21.82}",0.08636616059569127,pb_roe_squared,
000027.SZ,"{'pb': 0.9965, 'roe': 4.47}",4.987262836008389,pb_roe_squared,
000039.SZ,"{'pb': 0.9473, 'roe': 6.0}",2.631388888888889,pb_roe_squared,
000063.SZ,"{'pe': 19.5264, 'roe': 11.97, 'dividend_payout_ratio': 0.26215638302104466}",3.111269267393292,dividend_correction,
000066.SZ,,,,unsupported operand type(s) for /: 'NoneType' and 'float'
000100.SZ,"{'pb': 1.6006, 'roe': 2.95}",18.392415972421716,pb_roe_squared,
000157.SZ,"{'pb': 1.1789, 'roe': 6.24}",3.0276647764628533,pb_roe_squared,
000158.SZ,,,,unsupported operand type(s) for /: 'NoneType' and 'float'
000166.SZ,"{'pb': 1.2777, 'roe': 5.08}",4.951097402194804,pb_roe_squared,
000301.SZ,"{'pb': 1.789, 'roe': -6.73}",3.949846443923882,pb_roe_squared,
000333.SZ,"{'pe': 14.4881, 'roe': 21.29}",0.6805119774542039,basic,
000338.SZ,"{'pb': 1.5767, 'roe': 13.69}",0.8412831128168817,pb_roe_squared,
000408.SZ,"{'pb': 5.1111, 'roe': 19.4}",1.3580348602401957,pb_roe_squared,
000423.SZ,"{'pb': 3.3104, 'roe': 14.6}",1.5530118221054607,pb_roe_squared,
000425.SZ,"{'pb': 1.6998, 'roe': 10.3}",1.6022245263455552,pb_roe_squared,
000426.SZ,"{'pb': 4.0996, 'roe': 21.28}",0.9053119170105715,pb_roe_squared,
000513.SZ,"{'pe': 18.318, 'roe': 14.43}",1.2694386694386695,basic,
000519.SZ,"{'pb': 2.9917, 'roe': -3.19}",29.399278702056776,pb_roe_squared,
000538.SZ,"{'pb': 2.6094, 'roe': 11.99}",1.8151072515948445,pb_roe_squared,
000564.SZ,,,,unsupported operand type(s) for /: 'NoneType' and 'float'
000568.SZ,"{'pe': 13.6379, 'roe': 30.44}",0.4480256241787122,basic,
000596.SZ,"{'pe': 13.6604, 'roe': 23.89}",0.5718041021347844,basic,
000617.SZ,"{'pb': 1.1065, 'roe': 4.61}",5.2065442944461955,pb_roe_squared,
000625.SZ,"{'pb': 1.7066, 'roe': 9.69}",1.8175408776296356,pb_roe_squared,
000630.SZ,"{'pb': 1.4104, 'roe': 8.54}",1.9338668012219675,pb_roe_squared,
000651.SZ,"{'pe': 8.1451, 'roe': 25.42, 'dividend_payout_ratio': 0.3922406121933384}",0.4084494548016033,dividend_correction,
000657.SZ,"{'pb': 4.7215, 'roe': 12.53}",3.0073076014213935,pb_roe_squared,
000661.SZ,"{'pb': 1.8871, 'roe': 11.66}",1.3880266792982414,pb_roe_squared,
000708.SZ,"{'pb': 1.7186, 'roe': 13.05}",1.0091454911114046,pb_roe_squared,
000725.SZ,"{'pb': 1.1845, 'roe': 4.05}",7.221460143270844,pb_roe_squared,
000728.SZ,"{'pe': 16.9544, 'roe': 6.26, 'dividend_payout_ratio': 0.37764270613107814}",3.585890264869422,dividend_correction,
000729.SZ,"{'pb': 2.4612, 'roe': 7.41}",4.482398771765913,pb_roe_squared,
000768.SZ,"{'pe': 77.7738, 'roe': 5.91, 'dividend_payout_ratio': 0.4038788998408425}",16.29163523602985,dividend_correction,
000776.SZ,"{'pb': 1.2594, 'roe': 7.44}",2.2751907734998267,pb_roe_squared,
000783.SZ,"{'pb': 1.2693, 'roe': 5.08}",4.918547337094674,pb_roe_squared,
000786.SZ,"{'pe': 12.4711, 'roe': 15.01, 'dividend_payout_ratio': 0.3561346814433371}",1.1664867367819722,dividend_correction,
000792.SZ,"{'pb': 2.6384, 'roe': 13.62}",1.4222843231750837,pb_roe_squared,
000800.SZ,"{'pb': 1.3519, 'roe': 2.45}",22.522282382340688,pb_roe_squared,
000807.SZ,"{'pb': 1.9836, 'roe': 16.45}",0.733030921739452,pb_roe_squared,
000829.SZ,,,,"HTTPConnectionPool(host='api.waditu.com', port=80): Read timed out. (read timeout=30)"
000831.SZ,"{'pb': 10.2559, 'roe': -6.16}",27.02790310339012,pb_roe_squared,
000858.SZ,"{'pe': 15.0545, 'roe': 23.35}",0.6447323340471092,basic,
000876.SZ,"{'pe': 95.2615, 'roe': 1.73, 'dividend_payout_ratio': 0.0}",110.12890173410405,dividend_correction,
000877.SZ,"{'pb': 0.482, 'roe': -0.72}",92.97839506172839,pb_roe_squared,
000883.SZ,"{'pb': 0.9094, 'roe': 5.5}",3.006280991735537,pb_roe_squared,
000895.SZ,"{'pe': 17.403, 'roe': 23.81}",0.7309113817723646,basic,
000921.SZ,"{'pb': 2.2546, 'roe': 23.27}",0.41636741682116235,pb_roe_squared,
000932.SZ,"{'pb': 0.7468, 'roe': 3.81}",5.144632511487246,pb_roe_squared,
000933.SZ,"{'pb': 2.0086, 'roe': 20.77}",0.4656080338828015,pb_roe_squared,
000938.SZ,"{'pe': 45.5449, 'roe': 5.8, 'dividend_payout_ratio': 0.10787732758438484}",15.705137931034482,dividend_correction,
000958.SZ,"{'pe': 35.6846, 'roe': 5.31, 'dividend_payout_ratio': 0.19674167153711278}",13.440527306967986,dividend_correction,
000959.SZ,"{'pb': 0.6746, 'roe': 0.95}",74.74792243767313,pb_roe_squared,
000960.SZ,"{'pb': 1.6769, 'roe': 7.69}",2.8356621420756523,pb_roe_squared,
000963.SZ,"{'pe': 21.341, 'roe': 15.93, 'dividend_payout_ratio': 0.2603697042688759}",2.572637196095444,dividend_correction,
000975.SZ,"{'pe': 24.0347, 'roe': 17.9}",1.3427206703910617,basic,
000977.SZ,"{'pe': 35.2591, 'roe': 12.06, 'dividend_payout_ratio': 0.10648508577227718}",5.847280265339966,dividend_correction,
000983.SZ,"{'pb': 1.2263, 'roe': 8.33}",1.7672855456708492,pb_roe_squared,
000987.SZ,"{'pb': 1.2871, 'roe': 7.85}",2.088685139356566,pb_roe_squared,
000988.SZ,"{'pe': 39.4129, 'roe': 12.65, 'dividend_payout_ratio': 0.12212475633528265}",6.231288537549407,dividend_correction,
000997.SZ,"{'pb': 4.7431, 'roe': 14.92}",2.1307114260865814,pb_roe_squared,
000999.SZ,"{'pe': 15.7, 'roe': 17.33, 'dividend_payout_ratio': 0.44398347978349156}",1.0202445495329828,dividend_correction,
001267.SZ,,,,无法获取 001267.SZ 在 20250725 的基本估值指标。
001286.SZ,"{'pb': 1.4233, 'roe': 12.57}",0.9007948487673483,pb_roe_squared,
001289.SZ,,,,roe_history 需要一个包含至少5年ROE历史数据的列表。
001391.SZ,"{'pb': 3.3964, 'roe': 9.44}",3.8113149956908936,pb_roe_squared,
001872.SZ,"{'pe': 11.3214, 'roe': 7.5087, 'dividend_payout_ratio': 0.33081560100995827}",2.2788692266227963,dividend_correction,
001965.SZ,"{'pb': 1.1928, 'roe': 7.94}",1.8920239326434403,pb_roe_squared,
001979.SZ,"{'pb': 0.8705, 'roe': 3.36}",7.710636337868483,pb_roe_squared,
002001.SZ,"{'pb': 2.3752, 'roe': 21.78}",0.5007078886367641,pb_roe_squared,
002007.SZ,"{'pb': 2.6034, 'roe': 9.44}",2.9214396006894576,pb_roe_squared,
002027.SZ,"{'pb': 5.9644, 'roe': 29.91}",0.6667053428199454,pb_roe_squared,
002028.SZ,"{'pe': 30.3868, 'roe': 18.05, 'dividend_payout_ratio': 0.171362527431688}",3.3669584487534627,dividend_correction,
002032.SZ,"{'pe': 18.4626, 'roe': 37.27}",0.49537429568017166,basic,
002049.SZ,"{'pb': 4.7845, 'roe': 9.88}",4.901428477765575,pb_roe_squared,
002050.SZ,"{'pe': 36.7633, 'roe': 16.77, 'dividend_payout_ratio': 0.3018562297522108}",3.6312093386486026,dividend_correction,
002064.SZ,"{'pb': 1.4552, 'roe': 8.64}",1.9493741426611797,pb_roe_squared,
002065.SZ,"{'pe': 61.9021, 'roe': 4.29, 'dividend_payout_ratio': 0.37128412222875307}",19.431741186206445,dividend_correction,
002074.SZ,"{'pb': 2.143, 'roe': 4.77}",9.418579609632179,pb_roe_squared,
002078.SZ,"{'pe': 13.0209, 'roe': 11.38, 'dividend_payout_ratio': 0.21453546453546454}",2.2883831282952545,dividend_correction,
002080.SZ,"{'pb': 2.5253, 'roe': 4.82}",10.869733647836641,pb_roe_squared,
002085.SZ,"{'pb': 5.0268, 'roe': 9.71}",5.331545827981598,pb_roe_squared,
002128.SZ,"{'pe': 8.7538, 'roe': 16.36, 'dividend_payout_ratio': 0.2780303485022216}",0.962257092644288,dividend_correction,
002129.SZ,"{'pb': 1.1989, 'roe': -27.26}",0.16133598956597942,pb_roe_squared,
002142.SZ,"{'pe': 7.0449, 'roe': 13.59, 'dividend_payout_ratio': 0.15589113434284238}",1.0367770419426048,dividend_correction,
002152.SZ,"{'pe': 37.0688, 'roe': 7.49}",4.949105473965287,basic,
002153.SZ,,,,unsupported operand type(s) for /: 'NoneType' and 'float'
002156.SZ,"{'pb': 2.7402, 'roe': 4.75}",12.144930747922439,pb_roe_squared,
002176.SZ,,,,无法获取 002176.SZ 在 20250725 的基本估值指标。
002179.SZ,"{'pe': 24.4395, 'roe': 15.67, 'dividend_payout_ratio': 0.3287991733667588}",2.3717155849829297,dividend_correction,
002180.SZ,"{'pe': 46.5152, 'roe': 7.67, 'dividend_payout_ratio': 0.06421318042370375}",12.129126466753586,dividend_correction,
002185.SZ,"{'pb': 2.0188, 'roe': 3.7941}",14.024124207041561,pb_roe_squared,
002195.SZ,"{'pb': 3.4043, 'roe': 0.33}",3126.078971533517,pb_roe_squared,
002202.SZ,"{'pb': 1.1234, 'roe': 4.91}",4.659844616539669,pb_roe_squared,
002223.SZ,"{'pe': 19.9196, 'roe': 14.82, 'dividend_payout_ratio': 0.3019877656004968}",2.2254255258153295,dividend_correction,
002230.SZ,"{'pb': 6.5783, 'roe': 3.21}",63.84157762444075,pb_roe_squared,
002236.SZ,"{'pb': 1.5519, 'roe': 8.19}",2.3136407751792367,pb_roe_squared,
002241.SZ,"{'pb': 2.5047, 'roe': 8.46}",3.499572456113877,pb_roe_squared,
002244.SZ,"{'pb': 1.1404, 'roe': 9.63}",1.229715463855272,pb_roe_squared,
002252.SZ,"{'pe': 21.2157, 'roe': 7.13, 'dividend_payout_ratio': 0.12187412976886662}",5.9511079943899015,dividend_correction,
002261.SZ,,,,unsupported operand type(s) for /: 'NoneType' and 'float'
002265.SZ,"{'pb': 10.9592, 'roe': 7.45}",19.745416873113818,pb_roe_squared,
002281.SZ,"{'pe': 58.3194, 'roe': 7.55, 'dividend_payout_ratio': 0.22601517179830433}",15.448847682119206,dividend_correction,
002294.SZ,"{'pb': 6.4908, 'roe': 7.27}",12.280877681262526,pb_roe_squared,
002304.SZ,"{'pe': 15.418, 'roe': 12.07}",1.2773819386909693,basic,
002311.SZ,"{'pb': 4.0757, 'roe': 20.88}",0.9348484681669385,pb_roe_squared,
002340.SZ,"{'pb': 1.7146, 'roe': 5.28}",6.150281221303947,pb_roe_squared,
002352.SZ,"{'pb': 2.5609, 'roe': 11.16}",2.0561946788967256,pb_roe_squared,
002353.SZ,"{'pe': 15.4843, 'roe': 13.02, 'dividend_payout_ratio': 0.1523758954512183}",2.378540706605223,dividend_correction,
002371.SZ,"{'pb': 7.6871, 'roe': 24.83}",1.2468353065038802,pb_roe_squared,
002384.SZ,"{'pb': 4.7129, 'roe': 5.89}",13.584937204723843,pb_roe_squared,
002414.SZ,"{'pb': 7.0692, 'roe': -6.83}",15.154055079541,pb_roe_squared,
002415.SZ,"{'pb': 3.5084, 'roe': 15.34}",1.4909338777369625,pb_roe_squared,
002422.SZ,"{'pb': 2.521, 'roe': 13.51}",1.3812177398544052,pb_roe_squared,
002444.SZ,"{'pe': 17.4794, 'roe': 14.53, 'dividend_payout_ratio': 0.06816082109780376}",2.4059738472126635,dividend_correction,
002456.SZ,"{'pe': 660.1761, 'roe': 1.66, 'dividend_payout_ratio': 0.0}",795.3928915662651,dividend_correction,
002459.SZ,"{'pb': 1.5006, 'roe': -14.8}",0.6850803506208911,pb_roe_squared,
002460.SZ,"{'pb': 1.9352, 'roe': -4.6}",9.145557655954633,pb_roe_squared,
002463.SZ,"{'pe': 36.835, 'roe': 24.25, 'dividend_payout_ratio': 0.36816493118454224}",2.062892121851181,dividend_correction,
002465.SZ,"{'pb': 2.5825, 'roe': 0.42}",1464.0022675736964,pb_roe_squared,
002466.SZ,"{'pb': 1.645, 'roe': -16.92}",0.5745994221171524,pb_roe_squared,
002475.SZ,"{'pe': 20.7973, 'roe': 21.34, 'dividend_payout_ratio': 0.1348304265642511}",1.9491377694470478,dividend_correction,
002493.SZ,"{'pb': 2.2751, 'roe': 1.65}",83.56657483930213,pb_roe_squared,
002517.SZ,"{'pb': 5.5856, 'roe': 27.05}",0.7633703588548626,pb_roe_squared,
002532.SZ,"{'pb': 1.6308, 'roe': 17.38}",0.5398848722325439,pb_roe_squared,
002555.SZ,"{'pb': 3.0947, 'roe': 20.58}",0.7306809993190669,pb_roe_squared,
002558.SZ,"{'pe': 32.4789, 'roe': 11.56, 'dividend_payout_ratio': 0.2617686999161117}",5.366557244059201,dividend_correction,
002594.SZ,"{'pb': 8.6977, 'roe': 26.05}",1.2817076270718128,pb_roe_squared,
002595.SZ,"{'pe': 22.6228, 'roe': 21.44, 'dividend_payout_ratio': 0.28059615652762265}",1.8802251668473717,dividend_correction,
002600.SZ,"{'pb': 3.1778, 'roe': 9.24}",3.722053559715897,pb_roe_squared,
002601.SZ,"{'pb': 1.8575, 'roe': 9.78}",1.9420084392420578,pb_roe_squared,
002602.SZ,"{'pe': 77.032, 'roe': 4.94, 'dividend_payout_ratio': 0.0}",31.18704453441295,dividend_correction,
002625.SZ,"{'pb': 9.4368, 'roe': 7.17}",18.356354638982744,pb_roe_squared,
002648.SZ,"{'pb': 2.0788, 'roe': 21.87}",0.43462543871808496,pb_roe_squared,
002653.SZ,"{'pb': 13.615, 'roe': 9.42}",15.343196253172316,pb_roe_squared,
002670.SZ,"{'pe': 180.5475, 'roe': 1.5182, 'dividend_payout_ratio': 0.0}",237.84415755499936,dividend_correction,
002673.SZ,"{'pb': 1.3656, 'roe': 4.95}",5.573308846036118,pb_roe_squared,
002709.SZ,"{'pb': 2.9763, 'roe': 3.66}",22.218489653318997,pb_roe_squared,
002714.SZ,"{'pb': 3.6733, 'roe': 25.1}",0.5830542372343295,pb_roe_squared,
002717.SZ,,,,"HTTPConnectionPool(host='api.waditu.com', port=80): Read timed out. (read timeout=30)"
002736.SZ,"{'pb': 1.5581, 'roe': 8.23}",2.300359205053969,pb_roe_squared,
002773.SZ,"{'pb': 4.3662, 'roe': 14.53}",2.068104105278066,pb_roe_squared,
002797.SZ,"{'pb': 1.9694, 'roe': 5.8}",5.854340071343638,pb_roe_squared,
002821.SZ,"{'pb': 2.4594, 'roe': 5.56}",7.955721753532427,pb_roe_squared,
002837.SZ,"{'pe': 67.7294, 'roe': 16.88, 'dividend_payout_ratio': 0.30348604605776736}",6.610526687125504,dividend_correction,
002850.SZ,"{'pb': 2.7374, 'roe': 13.39}",1.5267822731732184,pb_roe_squared,
002916.SZ,"{'pb': 6.1369, 'roe': 13.58}",3.3277409167514382,pb_roe_squared,
002920.SZ,"{'pb': 6.0635, 'roe': 23.07}",1.1392740174313527,pb_roe_squared,
002938.SZ,"{'pb': 3.4166, 'roe': 11.73}",2.483122312270473,pb_roe_squared,
002939.SZ,"{'pb': 1.2236, 'roe': 5.38}",4.227415320407402,pb_roe_squared,
002945.SZ,"{'pb': 6.0969, 'roe': 5.43}",20.678041980810516,pb_roe_squared,
002966.SZ,"{'pe': 7.6654, 'roe': 11.68, 'dividend_payout_ratio': 0.3097195383060054}",1.0594815073095718,dividend_correction,
003816.SZ,"{'pe': 17.5117, 'roe': 9.33, 'dividend_payout_ratio': 0.4400845841730298}",2.1324581329295067,dividend_correction,
300014.SZ,"{'pb': 2.5806, 'roe': 11.3}",2.0209883311144177,pb_roe_squared,
300015.SZ,"{'pe': 34.3796, 'roe': 17.89, 'dividend_payout_ratio': 0.32085457651202537}",2.9946925692748123,dividend_correction,
300033.SZ,"{'pb': 23.9866, 'roe': 24.8}",3.9000065036420386,pb_roe_squared,
300059.SZ,"{'pb': 4.591, 'roe': 12.64}",2.8735128585162633,pb_roe_squared,
300085.SZ,,,,unsupported operand type(s) for /: 'NoneType' and 'float'
300122.SZ,"{'pb': 1.8726, 'roe': 6.46}",4.4872470741596295,pb_roe_squared,
300124.SZ,"{'pe': 41.1386, 'roe': 16.52, 'dividend_payout_ratio': 0.23043309535859238}",4.98046004842615,dividend_correction,
300207.SZ,"{'pb': 1.6549, 'roe': 6.26}",4.223019526584941,pb_roe_squared,
300223.SZ,"{'pb': 2.7361, 'roe': 3.08}",28.842342722212855,pb_roe_squared,
300251.SZ,"{'pb': 5.5722, 'roe': 3.36}",49.35693027210884,pb_roe_squared,
300255.SZ,,,,unsupported operand type(s) for /: 'NoneType' and 'float'
300274.SZ,"{'pb': 4.0739, 'roe': 33.99}",0.3526208883581268,pb_roe_squared,
300280.SZ,,,,无法获取 300280.SZ 在 20250725 的基本估值指标。
300308.SZ,"{'pb': 10.1326, 'roe': 31.23}",1.038907616212192,pb_roe_squared,
300316.SZ,"{'pb': 2.2541, 'roe': 15.97}",0.883819026673761,pb_roe_squared,
300339.SZ,"{'pe': 271.0852, 'roe': 4.72, 'dividend_payout_ratio': 0.0}",114.86661016949152,dividend_correction,
300347.SZ,"{'pb': 2.6595, 'roe': 1.94}",70.663726219577,pb_roe_squared,
300394.SZ,"{'pb': 16.3635, 'roe': 36.74}",1.212265921959219,pb_roe_squared,
300395.SZ,"{'pb': 9.5184, 'roe': 8.39}",13.5219719258269,pb_roe_squared,
300408.SZ,"{'pb': 3.2863, 'roe': 11.5}",2.484914933837429,pb_roe_squared,
300413.SZ,"{'pb': 1.8745, 'roe': 6.21}",4.860738355102285,pb_roe_squared,
300418.SZ,"{'pb': 3.23, 'roe': -10.83}",2.7538837861042262,pb_roe_squared,
300433.SZ,"{'pb': 2.4076, 'roe': 7.64}",4.124749869795236,pb_roe_squared,
300442.SZ,"{'pb': 8.2802, 'roe': 19.5}",2.1775673898750822,pb_roe_squared,
300450.SZ,"{'pb': 3.4905, 'roe': 2.44}",58.62839290513303,pb_roe_squared,
300454.SZ,"{'pb': 4.9285, 'roe': 2.22}",100.00202905608309,pb_roe_squared,
300458.SZ,"{'pb': 11.4695, 'roe': 5.63}",36.18492660165505,pb_roe_squared,
300474.SZ,"{'pb': 5.8538, 'roe': -4.16}",33.82604474852071,pb_roe_squared,
300476.SZ,"{'pe': 116.2252, 'roe': 13.95, 'dividend_payout_ratio': 0.2236805717594393}",16.663111111111114,dividend_correction,
300498.SZ,"{'pb': 2.9517, 'roe': 24.59}",0.4881520953395756,pb_roe_squared,
300502.SZ,"{'pb': 17.8455, 'roe': 41.0}",1.0616002379535991,pb_roe_squared,
300588.SZ,,,,无法获取 300588.SZ 在 20250725 的基本估值指标。
300628.SZ,"{'pe': 16.5683, 'roe': 30.68}",0.540035853976532,basic,
300661.SZ,"{'pb': 9.7367, 'roe': 11.9}",6.8757149918791045,pb_roe_squared,
300723.SZ,"{'pb': 16.8231, 'roe': -24.57}",2.786735265367744,pb_roe_squared,
300748.SZ,"{'pb': 5.6202, 'roe': 4.19}",32.012804666184394,pb_roe_squared,
300750.SZ,"{'pb': 4.6168, 'roe': 24.13}",0.7929146052197921,pb_roe_squared,
300759.SZ,"{'pe': 29.7465, 'roe': 13.7, 'dividend_payout_ratio': 0.23131481520020425}",4.342554744525548,dividend_correction,
300760.SZ,"{'pe': 24.0899, 'roe': 32.58, 'dividend_payout_ratio': 0.4183429542231257}",0.8837337937303398,dividend_correction,
300765.SZ,"{'pb': 19.9162, 'roe': 1.1}",1645.96694214876,pb_roe_squared,
300779.SZ,"{'pb': 27.8967, 'roe': 3.17}",277.6094895958762,pb_roe_squared,
300782.SZ,"{'pb': 4.0548, 'roe': 4.02}",25.090963094972906,pb_roe_squared,
300803.SZ,"{'pb': 24.9847, 'roe': 5.27}",89.96071710192311,pb_roe_squared,
300832.SZ,"{'pe': 24.5454, 'roe': 22.85, 'dividend_payout_ratio': 0.45736353542999103}",1.1743360077151337,dividend_correction,
300866.SZ,"{'pe': 31.4937, 'roe': 24.87, 'dividend_payout_ratio': 0.42032823441935346}",1.5063619661331915,dividend_correction,
300896.SZ,"{'pe': 29.6116, 'roe': 28.01, 'dividend_payout_ratio': 0.4078696553061547}",1.2959772380325105,dividend_correction,
300919.SZ,"{'pb': 1.6583, 'roe': 7.39}",3.0365065617326565,pb_roe_squared,
300979.SZ,"{'pe': 17.388, 'roe': 23.77, 'dividend_payout_ratio': 0.44004959753539613}",0.8311680219761615,dividend_correction,
300999.SZ,"{'pb': 1.7788, 'roe': 2.7}",24.40054869684499,pb_roe_squared,
301165.SZ,"{'pb': 11.1182, 'roe': 13.04}",6.538517633332079,pb_roe_squared,
301236.SZ,"{'pb': 5.2589, 'roe': 1.71}",179.84679046544238,pb_roe_squared,
301269.SZ,"{'pb': 12.0396, 'roe': 2.24}",239.9473852040816,pb_roe_squared,
301297.SZ,"{'pb': 3.9059, 'roe': 7.34}",7.249849653646549,pb_roe_squared,
301308.SZ,"{'pb': 5.5752, 'roe': 7.92}",8.888123660850933,pb_roe_squared,
301498.SZ,"{'pb': 8.7967, 'roe': 15.85}",3.501557384390331,pb_roe_squared,
302132.SZ,"{'pb': 12.7541, 'roe': 4.6}",60.274574669187146,pb_roe_squared,
600000.SH,"{'pb': 0.5959, 'roe': 6.28}",1.5109639336281389,pb_roe_squared,
600009.SH,"{'pe': 42.1535, 'roe': 4.69, 'dividend_payout_ratio': 0.10526315789473684}",17.97590618336887,dividend_correction,
600010.SH,"{'pb': 2.1566, 'roe': 0.51}",829.1426374471357,pb_roe_squared,
600011.SH,"{'pe': 10.8882, 'roe': 13.14, 'dividend_payout_ratio': 0.1904761904761905}",1.6572602739726026,dividend_correction,
600015.SH,"{'pe': 4.6521, 'roe': 8.84, 'dividend_payout_ratio': 0.25922066588733256}",1.0150727263723036,dividend_correction,
600016.SH,"{'pe': 6.8461, 'roe': 5.18, 'dividend_payout_ratio': 0.30046948356807507}",2.199293104488417,dividend_correction,
600018.SH,"{'pb': 0.9928, 'roe': 11.669}",0.7291124075051546,pb_roe_squared,
600019.SH,"{'pb': 0.8085, 'roe': 3.65}",6.068680803152561,pb_roe_squared,
600023.SH,"{'pb': 0.9931, 'roe': 11.06}",0.8118629602137281,pb_roe_squared,
600025.SH,"{'pe': 20.3278, 'roe': 11.85, 'dividend_payout_ratio': 0.49374999999999997}",1.737140415531699,dividend_correction,
600026.SH,"{'pb': 1.3936, 'roe': 11.2548}",1.1001770313681654,pb_roe_squared,
600027.SH,"{'pb': 1.2536, 'roe': 11.66}",0.9220657332246703,pb_roe_squared,
600028.SH,"{'pb': 0.8836, 'roe': 6.19}",2.3060802117125694,pb_roe_squared,
600029.SH,,,,unsupported operand type(s) for /: 'NoneType' and 'float'
600030.SH,"{'pe': 20.2809, 'roe': 8.09, 'dividend_payout_ratio': 0.33851326122751285}",3.702823570414382,dividend_correction,
600031.SH,"{'pb': 2.3511, 'roe': 8.54}",3.223705499399438,pb_roe_squared,
600036.SH,"{'pe': 7.6191, 'roe': 14.49, 'dividend_payout_ratio': 0.33694550820283337}",0.7802712791566473,dividend_correction,
600038.SH,"{'pb': 1.9034, 'roe': 4.14}",11.105276669233822,pb_roe_squared,
600039.SH,"{'pe': 10.3532, 'roe': 15.41, 'dividend_payout_ratio': 0.4671957390880043}",0.7190235186237101,dividend_correction,
600048.SH,"{'pb': 0.5141, 'roe': 2.53}",8.031683044571858,pb_roe_squared,
600050.SH,"{'pe': 18.9389, 'roe': 5.49, 'dividend_payout_ratio': 0.19101691374875174}",6.899417122040073,dividend_correction,
600060.SH,"{'pe': 13.9141, 'roe': 11.91, 'dividend_payout_ratio': 0.36616844871284243}",1.5952635530830863,dividend_correction,
600061.SH,"{'pb': 0.969, 'roe': 5.17}",3.6252894806744758,pb_roe_squared,
600066.SH,"{'pb': 4.7206, 'roe': 30.94}",0.49312450354315057,pb_roe_squared,
600079.SH,"{'pb': 1.9756, 'roe': 7.67}",3.358213395117026,pb_roe_squared,
600085.SH,"{'pe': 32.5913, 'roe': 11.49, 'dividend_payout_ratio': 0.34752033250952197}",4.081045534486989,dividend_correction,
600089.SH,"{'pb': 1.1045, 'roe': 6.4408}",2.6624783987547027,pb_roe_squared,
600095.SH,"{'pb': 2.7186, 'roe': 0.9223}",319.59567631933936,pb_roe_squared,
600096.SH,"{'pb': 2.1576, 'roe': 26.21}",0.31407754786603836,pb_roe_squared,
600104.SH,"{'pb': 0.6925, 'roe': 0.58}",205.8561236623068,pb_roe_squared,
600109.SH,"{'pb': 1.0488, 'roe': 5.04}",4.128873771730914,pb_roe_squared,
600111.SH,"{'pb': 6.0798, 'roe': 4.5683}",29.13265464495887,pb_roe_squared,
600115.SH,,,,unsupported operand type(s) for /: 'NoneType' and 'float'
600118.SH,"{'pb': 5.3335, 'roe': 0.44}",2754.9070247933887,pb_roe_squared,
600126.SH,"{'pb': 1.6178, 'roe': -3.17}",16.099274547462908,pb_roe_squared,
600143.SH,"{'pb': 1.8587, 'roe': 4.83}",7.967370943336377,pb_roe_squared,
600150.SH,"{'pb': 3.0858, 'roe': 7.28}",5.822439922714647,pb_roe_squared,
600153.SH,"{'pb': 0.5596, 'roe': 4.22}",3.14233732395948,pb_roe_squared,
600157.SH,"{'pb': 0.7046, 'roe': 3.3373}",6.326334365488043,pb_roe_squared,
600160.SH,"{'pb': 4.0386, 'roe': 11.59}",3.0065191125311825,pb_roe_squared,
600161.SH,"{'pe': 25.809, 'roe': 14.81, 'dividend_payout_ratio': 0.1645529387158876}",3.485347738014855,dividend_correction,
600176.SH,"{'pb': 1.723, 'roe': 8.37}",2.459429406668009,pb_roe_squared,
600177.SH,"{'pb': 0.8659, 'roe': 6.83}",1.8562066844019904,pb_roe_squared,
600183.SH,"{'pb': 6.5345, 'roe': 12.17}",4.411956337532721,pb_roe_squared,
600188.SH,"{'pb': 2.3477, 'roe': 18.3}",0.7010361611275343,pb_roe_squared,
600196.SH,"{'pb': 1.4862, 'roe': 5.9}",4.269462798046538,pb_roe_squared,
600208.SH,"{'pb': 0.7963, 'roe': 2.39}",13.940582272719313,pb_roe_squared,
600219.SH,"{'pe': 9.9306, 'roe': 9.9, 'dividend_payout_ratio': 0.2517241379310345}",1.9924408468244084,dividend_correction,
600221.SH,,,,roe_history 需要一个包含至少5年ROE历史数据的列表。
600233.SH,"{'pe': 13.0336, 'roe': 13.27, 'dividend_payout_ratio': 0.25608165045949177}",1.9177191704194667,dividend_correction,
600236.SH,"{'pb': 3.2031, 'roe': 13.35}",1.7972478222446662,pb_roe_squared,
600256.SH,"{'pb': 1.5949, 'roe': 10.54}",1.4356621022651581,pb_roe_squared,
600276.SH,"{'pb': 6.4915, 'roe': 14.73}",2.9918482907312387,pb_roe_squared,
600298.SH,"{'pb': 2.8386, 'roe': 12.83}",1.7244511080506584,pb_roe_squared,
600309.SH,"{'pb': 2.0641, 'roe': 14.29}",1.0108024275712386,pb_roe_squared,
600316.SH,"{'pb': 5.8998, 'roe': 0.74}",1077.3922571219869,pb_roe_squared,
600332.SH,"{'pe': 15.4237, 'roe': 7.99, 'dividend_payout_ratio': 0.3001542128546137}",3.215639472419617,dividend_correction,
600346.SH,"{'pb': 1.7763, 'roe': 11.48}",1.347821996139324,pb_roe_squared,
600350.SH,"{'pe': 15.565, 'roe': 8.95}",1.7391061452513967,basic,
600352.SH,"{'pb': 1.0351, 'roe': 6.0}",2.8752777777777774,pb_roe_squared,
600362.SH,"{'pb': 1.0694, 'roe': 9.58}",1.1652233035943882,pb_roe_squared,
600369.SH,"{'pb': 1.2003, 'roe': 2.73}",16.105140280964456,pb_roe_squared,
600372.SH,"{'pb': 1.5988, 'roe': 2.83}",19.962791394573536,pb_roe_squared,
600377.SH,"{'pe': 15.4696, 'roe': 13.63}",1.1349669845928099,basic,
600378.SH,"{'pe': 31.84, 'roe': 8.66, 'dividend_payout_ratio': 0.3803873344972945}",4.832803344721016,dividend_correction,
600392.SH,"{'pb': 4.1268, 'roe': 2.28}",79.38596491228071,pb_roe_squared,
600398.SH,"{'pe': 15.8861, 'roe': 12.47}",1.2739454691259022,basic,
600406.SH,"{'pe': 23.4521, 'roe': 15.87, 'dividend_payout_ratio': 0.46800754666127614}",1.5787812456513537,dividend_correction,
600415.SH,"{'pb': 5.8984, 'roe': 16.1}",2.2755294934609,pb_roe_squared,
600418.SH,,,,unsupported operand type(s) for /: 'NoneType' and 'float'
600426.SH,"{'pb': 1.6419, 'roe': 13.05}",0.9641079843220152,pb_roe_squared,
600436.SH,"{'pe': 41.308, 'roe': 21.36, 'dividend_payout_ratio': 0.3683753959127681}",2.6248972550057226,dividend_correction,
600438.SH,"{'pb': 2.1446, 'roe': -12.77}",1.315117349357251,pb_roe_squared,
600460.SH,"{'pb': 3.5551, 'roe': 1.81}",108.51622355849943,pb_roe_squared,
600482.SH,"{'pb': 1.3284, 'roe': 3.67}",9.862720786404235,pb_roe_squared,
600487.SH,"{'pe': 14.0673, 'roe': 10.28, 'dividend_payout_ratio': 0.13552362551291028}",2.736828793774319,dividend_correction,
600489.SH,"{'pb': 2.7213, 'roe': 12.71}",1.6845554867061068,pb_roe_squared,
600500.SH,,,,无法获取 600500.SH 在 20250725 的基本估值指标。
600515.SH,"{'pe': 106.4033, 'roe': 1.89, 'dividend_payout_ratio': 0.0}",112.59608465608467,dividend_correction,
600517.SH,"{'pe': 19.9786, 'roe': 7.55, 'dividend_payout_ratio': 0.30482642643446434}",4.340457315959404,dividend_correction,
600519.SH,"{'pe': 21.1969, 'roe': 36.02}",0.5884758467518045,basic,
600521.SH,"{'pb': 3.6769, 'roe': 13.24}",2.0975187338560253,pb_roe_squared,
600522.SH,"{'pb': 1.3716, 'roe': 8.36}",1.9625237517456104,pb_roe_squared,
600536.SH,,,,unsupported operand type(s) for /: 'NoneType' and 'float'
600547.SH,"{'pb': 5.5201, 'roe': 10.85}",4.689078128650003,pb_roe_squared,
600549.SH,"{'pe': 22.9694, 'roe': 14.36, 'dividend_payout_ratio': 0.3341215138674894}",2.3936506983003096,dividend_correction,
600562.SH,"{'pe': 59.9471, 'roe': 10.92, 'dividend_payout_ratio': 0.3030393217893218}",9.057671360513538,dividend_correction,
600570.SH,"{'pb': 7.4513, 'roe': 12.48}",4.784128965318868,pb_roe_squared,
600579.SH,,,,无法获取 600579.SH 在 20250725 的基本估值指标。
600580.SH,"{'pb': 3.6429, 'roe': 8.15}",5.484436749595393,pb_roe_squared,
600584.SH,"{'pb': 2.2581, 'roe': 6.0}",6.272500000000001,pb_roe_squared,
600585.SH,"{'pb': 0.6932, 'roe': 4.14}",4.044435109337441,pb_roe_squared,
600588.SH,,,,unsupported operand type(s) for /: 'NoneType' and 'float'
600593.SH,,,,无法获取 600593.SH 在 20250725 的基本估值指标。
600600.SH,"{'pe': 21.821, 'roe': 15.38, 'dividend_payout_ratio': 0.3698847262773656}",1.9178821621945645,dividend_correction,
600602.SH,"{'pe': 158.5984, 'roe': 4.324, 'dividend_payout_ratio': 0.3037287771330325}",60.38056591728901,dividend_correction,
600642.SH,"{'pb': 1.1791, 'roe': 11.33}",0.9185246582310824,pb_roe_squared,
600660.SH,"{'pb': 4.4868, 'roe': 22.72}",0.8692006794286847,pb_roe_squared,
600663.SH,"{'pb': 1.926, 'roe': 6.36}",4.761480954076183,pb_roe_squared,
600673.SH,"{'pb': 4.5121, 'roe': 3.99}",28.34215865478232,pb_roe_squared,
600674.SH,"{'pe': 17.0968, 'roe': 11.1, 'dividend_payout_ratio': 0.492970616125098}",1.562215071112263,dividend_correction,
600685.SH,"{'pb': 2.2844, 'roe': 2.2}",47.19834710743802,pb_roe_squared,
600688.SH,"{'pe': 98.2645, 'roe': 1.27, 'dividend_payout_ratio': 0.1801801801801802}",154.7472440944882,dividend_correction,
600690.SH,"{'pe': 12.932, 'roe': 17.7, 'dividend_payout_ratio': 0.3778769980087411}",0.9667450953307999,dividend_correction,
600703.SH,"{'pb': 1.7307, 'roe': 0.68}",374.2863321799307,pb_roe_squared,
600733.SH,,,,unsupported operand type(s) for /: 'NoneType' and 'float'
600741.SH,"{'pe': 8.5006, 'roe': 11.17, 'dividend_payout_ratio': 0.3757158574665964}",1.0127608081275319,dividend_correction,
600745.SH,"{'pb': 1.3988, 'roe': -7.92}",2.230002040608101,pb_roe_squared,
600760.SH,"{'pe': 52.8879, 'roe': 20.2, 'dividend_payout_ratio': 0.3694181261621301}",3.543698435276628,dividend_correction,
600777.SH,"{'pb': 1.3689, 'roe': 9.64}",1.4730505673111687,pb_roe_squared,
600795.SH,"{'pb': 1.4825, 'roe': 18.598}",0.4286099169365835,pb_roe_squared,
600801.SH,"{'pb': 1.1582, 'roe': 8.16}",1.7394151287966166,pb_roe_squared,
600803.SH,"{'pb': 2.6624, 'roe': 19.06}",0.7328709581164689,pb_roe_squared,
600809.SH,"{'pe': 18.4925, 'roe': 39.68, 'dividend_payout_ratio': 0.4736997353416385}",0.49191586129638476,dividend_correction,
600839.SH,"{'pb': 3.1501, 'roe': 4.8746}",13.257034069659275,pb_roe_squared,
600845.SH,"{'pe': 32.9689, 'roe': 20.67}",1.5950120948234154,basic,
600862.SH,"{'pe': 33.0653, 'roe': 17.21, 'dividend_payout_ratio': 0.302037752037752}",3.1805364133577454,dividend_correction,
600871.SH,"{'pb': 4.3003, 'roe': 7.58}",7.48445778016026,pb_roe_squared,
600873.SH,"{'pb': 2.26, 'roe': 19.04}",0.6234111291575454,pb_roe_squared,
600875.SH,"{'pe': 24.284, 'roe': 7.71, 'dividend_payout_ratio': 0.3652885315333201}",4.311216304223604,dividend_correction,
600879.SH,"{'pe': 60.0233, 'roe': 2.677, 'dividend_payout_ratio': 0.1940991839296924}",44.84370564064251,dividend_correction,
600885.SH,"{'pe': 21.1218, 'roe': 18.28, 'dividend_payout_ratio': 0.3092039800995025}",1.868442182128013,dividend_correction,
600886.SH,"{'pb': 1.888, 'roe': 11.8}",1.3559322033898302,pb_roe_squared,
600887.SH,"{'pe': 20.8255, 'roe': 15.81}",1.3172359266287161,basic,
600893.SH,"{'pe': 125.8292, 'roe': 2.17, 'dividend_payout_ratio': 0.3013233752620545}",96.21856651709129,dividend_correction,
600895.SH,"{'pb': 3.538, 'roe': 7.64}",6.061374414078561,pb_roe_squared,
600900.SH,"{'pe': 21.6475, 'roe': 15.71}",1.3779439847231063,basic,
600901.SH,"{'pe': 11.7117, 'roe': 14.72, 'dividend_payout_ratio': 0.48001175778953553}",0.8287628173340611,dividend_correction,
600905.SH,"{'pe': 20.4885, 'roe': 7.22, 'dividend_payout_ratio': 0.23595676374618435}",5.675484764542936,dividend_correction,
600918.SH,"{'pb': 1.269, 'roe': 2.14}",27.709843654467637,pb_roe_squared,
600919.SH,"{'pe': 6.5526, 'roe': 13.59, 'dividend_payout_ratio': 0.3103116737574779}",0.7769017349073695,dividend_correction,
600925.SH,"{'pb': 2.3541, 'roe': 8.67}",3.131747305068985,pb_roe_squared,
600926.SH,"{'pe': 6.9875, 'roe': 16.0, 'dividend_payout_ratio': 0.22948090161204915}",0.8734375,dividend_correction,
600930.SH,"{'pe': 31.4073, 'roe': 10.49, 'dividend_payout_ratio': 0.0}",5.988045757864633,dividend_correction,
600938.SH,"{'pb': 1.6404, 'roe': 19.36}",0.4376622156956493,pb_roe_squared,
600941.SH,"{'pe': 17.2239, 'roe': 10.36, 'dividend_payout_ratio': 0.35376840719155206}",2.349755625773571,dividend_correction,
600956.SH,"{'pb': 1.4636, 'roe': 7.82}",2.3933647739091186,pb_roe_squared,
600958.SH,"{'pb': 1.2865, 'roe': 4.14}",7.50600947513361,pb_roe_squared,
600967.SH,"{'pe': 66.8783, 'roe': 4.34, 'dividend_payout_ratio': 0.46729797979797977}",16.48813734487005,dividend_correction,
600968.SH,"{'pb': 1.6171, 'roe': 14.11}",0.8122371505448986,pb_roe_squared,
600985.SH,"{'pb': 0.871, 'roe': 11.95}",0.6099332994870539,pb_roe_squared,
600988.SH,"{'pb': 4.2616, 'roe': 25.13}",0.67481962873836,pb_roe_squared,
600989.SH,"{'pe': 18.6178, 'roe': 15.55, 'dividend_payout_ratio': 0.2664722506774772}",2.2465494448098595,dividend_correction,
600995.SH,"{'pb': 1.5004, 'roe': 5.31}",5.321303300811106,pb_roe_squared,
600999.SH,"{'pe': 15.3652, 'roe': 8.82, 'dividend_payout_ratio': 0.3050671284842487}",2.8552505418334526,dividend_correction,
601006.SH,"{'pe': 15.0, 'roe': 6.1}",2.459016393442623,basic,
601009.SH,"{'pe': 7.1203, 'roe': 12.97, 'dividend_payout_ratio': 0.3105059523809524}",0.8840124682955106,dividend_correction,
601012.SH,"{'pb': 2.1263, 'roe': -13.1}",1.2390303595361576,pb_roe_squared,
601018.SH,"{'pe': 14.8961, 'roe': 6.42, 'dividend_payout_ratio': 0.3535}",3.281845541029403,dividend_correction,
601021.SH,"{'pb': 3.2063, 'roe': 13.72}",1.703318770240291,pb_roe_squared,
601058.SH,"{'pb': 2.2388, 'roe': 22.81}",0.4302934425224407,pb_roe_squared,
601059.SH,"{'pe': 40.5349, 'roe': 7.23, 'dividend_payout_ratio': 0.06825396825396825}",11.212973720608575,dividend_correction,
601061.SH,"{'pb': 1.8837, 'roe': 10.95}",1.571026458997936,pb_roe_squared,
601066.SH,"{'pb': 2.5866, 'roe': 8.22}",3.82812083755128,pb_roe_squared,
601077.SH,"{'pe': 6.7376, 'roe': 9.28, 'dividend_payout_ratio': 0.3041513173123262}",1.193541571962143,dividend_correction,
601088.SH,"{'pe': 13.014, 'roe': 14.04}",0.926923076923077,basic,
601100.SH,"{'pb': 6.5549, 'roe': 16.81}",2.319693703749185,pb_roe_squared,
601108.SH,"{'pb': 1.0778, 'roe': 6.59}",2.4818032564169283,pb_roe_squared,
601111.SH,,,,unsupported operand type(s) for /: 'NoneType' and 'float'
601117.SH,"{'pe': 8.5918, 'roe': 9.5, 'dividend_payout_ratio': 0.19089530943463529}",1.8087999999999997,dividend_correction,
601127.SH,"{'pe': 35.4806, 'roe': 45.43, 'dividend_payout_ratio': 0.0}",1.5619898745322476,dividend_correction,
601136.SH,"{'pb': 4.2014, 'roe': 7.69}",7.104628137465946,pb_roe_squared,
601138.SH,"{'pe': 24.5159, 'roe': 15.85}",1.546744479495268,basic,
601155.SH,"{'pb': 0.566, 'roe': 1.24}",36.81061394380853,pb_roe_squared,
601162.SH,"{'pb': 1.8453, 'roe': -0.13}",10918.934911242603,pb_roe_squared,
601166.SH,"{'pe': 6.3512, 'roe': 9.89, 'dividend_payout_ratio': 0.28456308272400227}",1.1283684765423185,dividend_correction,
601168.SH,"{'pb': 2.68, 'roe': 18.23}",0.8064203092742247,pb_roe_squared,
601169.SH,"{'pe': 5.3694, 'roe': 8.65, 'dividend_payout_ratio': 0.3016093229744728}",1.0290462480922726,dividend_correction,
601179.SH,"{'pb': 1.5603, 'roe': 4.83}",6.688270771446574,pb_roe_squared,
601186.SH,"{'pe': 5.0491, 'roe': 7.69, 'dividend_payout_ratio': 0.17171768260641093}",1.3131599479843954,dividend_correction,
601198.SH,"{'pb': 1.3141, 'roe': 5.57}",4.235630090669107,pb_roe_squared,
601211.SH,"{'pe': 27.7357, 'roe': 8.14, 'dividend_payout_ratio': 0.41590127742201477}",4.096325663453941,dividend_correction,
601216.SH,"{'pb': 1.7522, 'roe': 10.48}",1.595368859623565,pb_roe_squared,
601225.SH,"{'pb': 2.355, 'roe': 21.32}",0.5181034816553968,pb_roe_squared,
601229.SH,"{'pe': 6.2722, 'roe': 10.01, 'dividend_payout_ratio': 0.27919684390272625}",1.1221355475130572,dividend_correction,
601231.SH,"{'pb': 1.9707, 'roe': 9.52}",2.1744359508509286,pb_roe_squared,
601236.SH,"{'pb': 1.7349, 'roe': 3.22}",16.732572045831564,pb_roe_squared,
601238.SH,"{'pb': 0.6991, 'roe': 0.71}",138.68280103154137,pb_roe_squared,
601288.SH,"{'pe': 7.6676, 'roe': 10.46, 'dividend_payout_ratio': 0.3202924253685124}",1.1443295171908483,dividend_correction,
601298.SH,"{'pe': 10.9737, 'roe': 12.65, 'dividend_payout_ratio': 0.3967245778380377}",1.0933103398021073,dividend_correction,
601318.SH,"{'pb': 1.1617, 'roe': 13.8}",0.6100084015963032,pb_roe_squared,
601319.SH,"{'pb': 1.3409, 'roe': 16.7}",0.4807988812793575,pb_roe_squared,
601328.SH,"{'pe': 7.3081, 'roe': 9.08, 'dividend_payout_ratio': 0.3253357372350507}",1.236963444339246,dividend_correction,
601336.SH,"{'pb': 2.4922, 'roe': 25.88}",0.3720954398973745,pb_roe_squared,
601360.SH,"{'pb': 2.6365, 'roe': -3.54}",21.03881387851511,pb_roe_squared,
601377.SH,"{'pb': 1.0703, 'roe': 3.81}",7.3731925241628264,pb_roe_squared,
601390.SH,"{'pe': 5.1724, 'roe': 9.09, 'dividend_payout_ratio': 0.1727463797004808}",1.138041804180418,dividend_correction,
601398.SH,"{'pe': 7.2964, 'roe': 9.88, 'dividend_payout_ratio': 0.31142550042263245}",1.1856800796487188,dividend_correction,
601456.SH,"{'pb': 1.3017, 'roe': 2.19}",27.140801901545007,pb_roe_squared,
601555.SH,"{'pb': 1.2522, 'roe': 5.81}",3.7095517550901915,pb_roe_squared,
601567.SH,"{'pb': 2.7585, 'roe': 19.62}",0.716596994267224,pb_roe_squared,
601577.SH,"{'pe': 5.2, 'roe': 11.81, 'dividend_payout_ratio': 0.21889363400938167}",0.8806096528365792,dividend_correction,
601598.SH,"{'pe': 9.9425, 'roe': 10.05, 'dividend_payout_ratio': 0.2635532604230047}",1.8768568466943385,dividend_correction,
601600.SH,"{'pb': 1.8337, 'roe': 19.26}",0.49432857902302096,pb_roe_squared,
601601.SH,"{'pe': 8.0219, 'roe': 16.6, 'dividend_payout_ratio': 0.37242815577888383}",0.6487788053257689,dividend_correction,
601607.SH,"{'pb': 0.9784, 'roe': 6.5}",2.315739644970414,pb_roe_squared,
601618.SH,"{'pb': 0.6267, 'roe': 4.87}",2.642419540496439,pb_roe_squared,
601628.SH,"{'pb': 2.2567, 'roe': 21.59}",0.4841373004545317,pb_roe_squared,
601633.SH,"{'pb': 2.4784, 'roe': 17.2}",0.8377501352082207,pb_roe_squared,
601658.SH,"{'pe': 7.7768, 'roe': 9.84, 'dividend_payout_ratio': 0.3116830277368903}",1.2678348400786068,dividend_correction,
601665.SH,"{'pe': 6.3053, 'roe': 12.52, 'dividend_payout_ratio': 0.265056027922112}",0.9500221798589136,dividend_correction,
601668.SH,"{'pe': 5.1889, 'roe': 10.37, 'dividend_payout_ratio': 0.20422029830985333}",1.0007521697203472,dividend_correction,
601669.SH,"{'pe': 10.3515, 'roe': 8.14, 'dividend_payout_ratio': 0.19193823569971089}",2.5433660933660933,dividend_correction,
601688.SH,"{'pe': 11.6964, 'roe': 9.24, 'dividend_payout_ratio': 0.3353322999005}",1.8874474010105167,dividend_correction,
601689.SH,"{'pb': 3.7621, 'roe': 16.56}",1.371859611659549,pb_roe_squared,
601696.SH,"{'pe': 46.3704, 'roe': 5.14, 'dividend_payout_ratio': 0.10418513957307061}",18.04295719844358,dividend_correction,
601698.SH,"{'pb': 5.3653, 'roe': 2.9224}",62.82242435764672,pb_roe_squared,
601699.SH,"{'pb': 0.9293, 'roe': 5.2}",3.4367603550295858,pb_roe_squared,
601727.SH,"{'pe': 163.7735, 'roe': 1.42, 'dividend_payout_ratio': 0.0}",230.66690140845074,dividend_correction,
601728.SH,"{'pe': 20.4568, 'roe': 7.34, 'dividend_payout_ratio': 0.3581492342782666}",3.890878027937707,dividend_correction,
601766.SH,"{'pe': 17.561, 'roe': 7.51, 'dividend_payout_ratio': 0.491869918699187}",2.3769992626910676,dividend_correction,
601777.SH,"{'pb': 3.6192, 'roe': 0.38}",2506.371191135734,pb_roe_squared,
601788.SH,"{'pe': 28.4927, 'roe': 4.58, 'dividend_payout_ratio': 0.33153981264637}",9.382151554379872,dividend_correction,
601799.SH,"{'pb': 3.3754, 'roe': 14.72}",1.5577925626181475,pb_roe_squared,
601800.SH,"{'pe': 6.5924, 'roe': 8.03, 'dividend_payout_ratio': 0.20310523755846913}",1.6419427148194272,dividend_correction,
601808.SH,"{'pb': 1.5451, 'roe': 7.36}",2.852337842627599,pb_roe_squared,
601816.SH,"{'pb': 1.3779, 'roe': 6.42}",3.3430867324657174,pb_roe_squared,
601818.SH,"{'pe': 5.7816, 'roe': 7.93, 'dividend_payout_ratio': 0.27296253545685617}",1.3354936125662118,dividend_correction,
601825.SH,"{'pe': 7.362, 'roe': 10.35, 'dividend_payout_ratio': 0.29285714285714287}",1.214422057264051,dividend_correction,
601838.SH,"{'pe': 6.4211, 'roe': 17.81, 'dividend_payout_ratio': 0.29694180672016895}",0.6070775485942269,dividend_correction,
601857.SH,"{'pb': 1.0447, 'roe': 11.1}",0.8479019560100641,pb_roe_squared,
601865.SH,"{'pb': 1.9153, 'roe': 4.55}",9.251539669122089,pb_roe_squared,
601866.SH,"{'pb': 1.1397, 'roe': 5.64}",3.5828806398068513,pb_roe_squared,
601868.SH,,,,roe_history 需要一个包含至少5年ROE历史数据的列表。
601869.SH,"{'pb': 2.5961, 'roe': 5.94}",7.357809293836229,pb_roe_squared,
601872.SH,"{'pe': 9.9125, 'roe': 13.21, 'dividend_payout_ratio': 0.312436247723133}",1.2008505840853254,dividend_correction,
601877.SH,"{'pb': 1.1961, 'roe': 9.53}",1.3169876096801507,pb_roe_squared,
601878.SH,"{'pe': 27.6054, 'roe': 6.76, 'dividend_payout_ratio': 0.2022244691607685}",8.167278106508876,dividend_correction,
601880.SH,"{'pb': 0.9584, 'roe': 2.87}",11.635445373866382,pb_roe_squared,
601881.SH,"{'pe': 19.447, 'roe': 8.3, 'dividend_payout_ratio': 0.3255057554642106}",3.5990332104133644,dividend_correction,
601888.SH,"{'pb': 2.5693, 'roe': 7.88}",4.1377322270607335,pb_roe_squared,
601898.SH,"{'pb': 1.0366, 'roe': 13.01}",0.6124302183444297,pb_roe_squared,
601899.SH,"{'pb': 3.8536, 'roe': 25.89}",0.5749135339652668,pb_roe_squared,
601901.SH,"{'pe': 31.3637, 'roe': 4.72, 'dividend_payout_ratio': 0.10547785547785549}",13.28970338983051,dividend_correction,
601916.SH,"{'pe': 6.2214, 'roe': 8.49, 'dividend_payout_ratio': 0.22090643274853802}",1.465583038869258,dividend_correction,
601919.SH,"{'pb': 1.1259, 'roe': 22.6}",0.22043621270263916,pb_roe_squared,
601933.SH,,,,unsupported operand type(s) for /: 'NoneType' and 'float'
601939.SH,"{'pe': 7.2888, 'roe': 10.69, 'dividend_payout_ratio': 0.3050440381305194}",1.1175984513923627,dividend_correction,
601958.SH,"{'pb': 2.3103, 'roe': 18.46}",0.6779614263629948,pb_roe_squared,
601963.SH,"{'pe': 6.9868, 'roe': 9.29, 'dividend_payout_ratio': 0.30207140585241726}",1.2448670879138215,dividend_correction,
601985.SH,"{'pe': 21.8396, 'roe': 9.44, 'dividend_payout_ratio': 0.3522026748480938}",3.284354598031333,dividend_correction,
601988.SH,"{'pe': 7.4917, 'roe': 9.5, 'dividend_payout_ratio': 0.3176606547839425}",1.2412616862109784,dividend_correction,
601989.SH,"{'pe': 83.3322, 'roe': 1.56, 'dividend_payout_ratio': 0.09999999999999999}",106.83615384615385,dividend_correction,
601990.SH,"{'pb': 1.7578, 'roe': 5.7}",5.410280086180363,pb_roe_squared,
601991.SH,"{'pe': 14.2511, 'roe': 10.44, 'dividend_payout_ratio': 0.0}",2.730095785440613,dividend_correction,
601995.SH,"{'pb': 1.9047, 'roe': 5.52}",6.250984562066794,pb_roe_squared,
601998.SH,"{'pe': 6.6051, 'roe': 9.79, 'dividend_payout_ratio': 0.2803803904853774}",1.203148055285264,dividend_correction,
603019.SH,"{'pe': 53.8653, 'roe': 9.81, 'dividend_payout_ratio': 0.18082260157731855}",10.981712538226299,dividend_correction,
603049.SH,"{'pb': 1.8812, 'roe': 24.01}",0.32632522787863794,pb_roe_squared,
603087.SH,"{'pb': 3.2587, 'roe': 5.55}",10.579336092849607,pb_roe_squared,
603129.SH,"{'pe': 23.586, 'roe': 26.25, 'dividend_payout_ratio': 0.29582577359390966}",1.518654501936176,dividend_correction,
603160.SH,"{'pb': 3.9574, 'roe': 7.27}",7.4875740025618285,pb_roe_squared,
603195.SH,"{'pe': 20.3414, 'roe': 28.64}",0.7102444134078212,basic,
603198.SH,"{'pe': 12.782, 'roe': 27.91, 'dividend_payout_ratio': 0.49706953110030544}",0.4606720231009018,dividend_correction,
603228.SH,"{'pe': 47.0173, 'roe': 11.84, 'dividend_payout_ratio': 0.37147383604076517}",5.345000586807766,dividend_correction,
603259.SH,"{'pe': 27.0132, 'roe': 16.78, 'dividend_payout_ratio': 0.29829823659497223}",2.6983817806156174,dividend_correction,
603260.SH,"{'pb': 2.0036, 'roe': 5.35}",7.000087343872829,pb_roe_squared,
603268.SH,,,,unsupported operand type(s) for /: 'NoneType' and 'float'
603288.SH,"{'pb': 6.0587, 'roe': 21.76}",1.2795629798334773,pb_roe_squared,
603296.SH,"{'pb': 3.7863, 'roe': 13.56}",2.0591863105959747,pb_roe_squared,
603369.SH,"{'pe': 14.6864, 'roe': 23.74, 'dividend_payout_ratio': 0.375267161331528}",0.8242597255675742,dividend_correction,
603377.SH,,,,无法获取 603377.SH 在 20250725 的基本估值指标。
603392.SH,"{'pb': 6.1899, 'roe': 0.85}",856.7335640138409,pb_roe_squared,
603486.SH,"{'pb': 5.5195, 'roe': 11.76}",3.9910309361839973,pb_roe_squared,
603501.SH,"{'pb': 6.1647, 'roe': 14.83}",2.8030422559290753,pb_roe_squared,
603529.SH,"{'pe': 15.7941, 'roe': 23.75, 'dividend_payout_ratio': 0.3053381951977709}",1.0889805915230617,dividend_correction,
603568.SH,"{'pe': 12.2804, 'roe': 22.24, 'dividend_payout_ratio': 0.15512128388276633}",1.1043525179856115,dividend_correction,
603596.SH,"{'pe': 25.0963, 'roe': 19.23, 'dividend_payout_ratio': 0.15320365179014053}",2.6101196047841912,dividend_correction,
603605.SH,"{'pe': 21.5001, 'roe': 32.53, 'dividend_payout_ratio': 0.30065904977986657}",1.099137791425479,dividend_correction,
603606.SH,"{'pb': 4.8165, 'roe': 15.3}",2.0575419710367804,pb_roe_squared,
603659.SH,"{'pb': 2.1534, 'roe': 6.57}",4.988775602399171,pb_roe_squared,
603799.SH,"{'pb': 2.1149, 'roe': 11.69}",1.5476074613573785,pb_roe_squared,
603806.SH,"{'pb': 2.2624, 'roe': 8.19}",3.372885424167476,pb_roe_squared,
603833.SH,"{'pe': 13.223, 'roe': 13.99, 'dividend_payout_ratio': 0.4509503898918701}",1.047981270529543,dividend_correction,
603893.SH,"{'pb': 18.2742, 'roe': 17.81}",5.761167933653662,pb_roe_squared,
603979.SH,"{'pb': 3.487, 'roe': 19.44}",0.9226976748124438,pb_roe_squared,
603986.SH,"{'pb': 4.8867, 'roe': 6.94}",10.146043900372895,pb_roe_squared,
603993.SH,"{'pb': 2.9097, 'roe': 20.96}",0.6623166263621,pb_roe_squared,
605117.SH,"{'pb': 5.6449, 'roe': 39.24}",0.3666048915116053,pb_roe_squared,
605178.SH,,,,无法获取 605178.SH 在 20250725 的基本估值指标。
605499.SH,"{'pe': 46.8834, 'roe': 46.93}",0.9990070317494141,basic,
688002.SH,"{'pb': 5.6756, 'roe': 11.31}",4.436970795701245,pb_roe_squared,
688008.SH,"{'pb': 8.4019, 'roe': 13.41}",4.6721841580932,pb_roe_squared,
688009.SH,"{'pe': 16.4541, 'roe': 7.34}",2.2417029972752043,basic,
688012.SH,"{'pe': 77.4623, 'roe': 8.66, 'dividend_payout_ratio': 0.03460207612456747}",17.889676674364896,dividend_correction,
688036.SH,"{'pb': 4.5592, 'roe': 28.35}",0.567260466143476,pb_roe_squared,
688041.SH,"{'pb': 16.13, 'roe': 9.92}",16.391210327783558,pb_roe_squared,
688047.SH,,,,unsupported operand type(s) for /: 'NoneType' and 'float'
688065.SH,"{'pb': 2.0078, 'roe': 4.31}",10.808512012747565,pb_roe_squared,
688072.SH,"{'pb': 9.6508, 'roe': 14.11}",4.847404794062648,pb_roe_squared,
688082.SH,"{'pe': 46.8657, 'roe': 16.65, 'dividend_payout_ratio': 0.18051948051948052}",5.629513513513514,dividend_correction,
688099.SH,"{'pb': 4.6962, 'roe': 13.87}",2.4411454805644546,pb_roe_squared,
688111.SH,"{'pe': 86.0232, 'roe': 15.51, 'dividend_payout_ratio': 0.306419327314291}",9.05018893210275,dividend_correction,
688120.SH,"{'pb': 6.1563, 'roe': 17.04}",2.1202183759836015,pb_roe_squared,
688122.SH,"{'pb': 5.2133, 'roe': 12.22}",3.4911644402538298,pb_roe_squared,
688126.SH,,,,unsupported operand type(s) for /: 'NoneType' and 'float'
688166.SH,"{'pb': 17.5383, 'roe': 7.77}",29.049954532580017,pb_roe_squared,
688169.SH,"{'pe': 21.7591, 'roe': 16.18, 'dividend_payout_ratio': 0.1663412923754942}",2.689629171817058,dividend_correction,
688180.SH,,,,unsupported operand type(s) for /: 'NoneType' and 'float'
688183.SH,"{'pb': 9.3476, 'roe': 8.24}",13.767202375341691,pb_roe_squared,
688187.SH,"{'pe': 16.5591, 'roe': 9.31, 'dividend_payout_ratio': 0.3125978529163671}",2.844926570686734,dividend_correction,
688188.SH,"{'pe': 43.8904, 'roe': 17.03, 'dividend_payout_ratio': 0.3937906869012009}",3.2723477854395613,dividend_correction,
688192.SH,,,,unsupported operand type(s) for /: 'NoneType' and 'float'
688213.SH,"{'pb': 9.0696, 'roe': 9.89}",9.272472424168377,pb_roe_squared,
688220.SH,,,,unsupported operand type(s) for /: 'NoneType' and 'float'
688223.SH,"{'pb': 1.8561, 'roe': 0.3}",2062.3333333333335,pb_roe_squared,
688235.SH,,,,unsupported operand type(s) for /: 'NoneType' and 'float'
688249.SH,"{'pb': 2.1638, 'roe': 2.52}",34.07344419249181,pb_roe_squared,
688256.SH,,,,unsupported operand type(s) for /: 'NoneType' and 'float'
688266.SH,,,,unsupported operand type(s) for /: 'NoneType' and 'float'
688271.SH,"{'pb': 5.5881, 'roe': 6.53}",13.105023580646748,pb_roe_squared,
688278.SH,"{'pb': 12.3796, 'roe': 37.69}",0.8714738048543788,pb_roe_squared,
688297.SH,"{'pb': 6.6382, 'roe': -0.94}",751.2675418741513,pb_roe_squared,
688303.SH,"{'pb': 1.4247, 'roe': -6.48}",3.3929183813443067,pb_roe_squared,
688318.SH,"{'pb': 8.4987, 'roe': 8.66}",11.332264826203136,pb_roe_squared,
688331.SH,,,,unsupported operand type(s) for /: 'NoneType' and 'float'
688336.SH,"{'pb': 5.8177, 'roe': 13.47}",3.206388416283208,pb_roe_squared,
688347.SH,"{'pb': 2.3641, 'roe': 0.88}",305.2815082644628,pb_roe_squared,
688349.SH,"{'pb': 2.3836, 'roe': 13.83}",1.2462036431432395,pb_roe_squared,
688375.SH,"{'pb': 6.3181, 'roe': 7.86}",10.226838632817307,pb_roe_squared,
688385.SH,"{'pb': 6.6258, 'roe': 10.27}",6.281992815216042,pb_roe_squared,
688396.SH,"{'pb': 2.855, 'roe': 3.4673}",23.747794022288303,pb_roe_squared,
688425.SH,"{'pb': 1.9587, 'roe': 8.85}",2.50081394235373,pb_roe_squared,
688428.SH,,,,unsupported operand type(s) for /: 'NoneType' and 'float'
688469.SH,,,,unsupported operand type(s) for /: 'NoneType' and 'float'
688472.SH,"{'pb': 1.5366, 'roe': 10.15}",1.4915188429711954,pb_roe_squared,
688506.SH,"{'pe': 32.9431, 'roa': 8659.91}",0.0025360617681554043,roa_correction,
688520.SH,,,,roe_history 需要一个包含至少5年ROE历史数据的列表。
688521.SH,,,,unsupported operand type(s) for /: 'NoneType' and 'float'
688538.SH,,,,unsupported operand type(s) for /: 'NoneType' and 'float'
688568.SH,"{'pb': 8.0727, 'roe': 9.61}",8.74121974486774,pb_roe_squared,
688578.SH,"{'pb': 7.9293, 'roe': 29.26}",0.9261603957074689,pb_roe_squared,
688599.SH,"{'pb': 1.4258, 'roe': -11.94}",1.000115036376747,pb_roe_squared,
688608.SH,"{'pb': 6.4779, 'roe': 7.2778}",12.230212590860884,pb_roe_squared,
688617.SH,"{'pb': 15.8552, 'roe': 30.35}",1.7212911420576524,pb_roe_squared,
688728.SH,"{'pb': 5.4609, 'roe': 2.39}",95.6023178865916,pb_roe_squared,
688729.SH,"{'pb': 7.2995, 'roe': 9.61}",7.903989189200896,pb_roe_squared,
688775.SH,"{'pb': 13.0026, 'roe': 37.07}",0.9462045464187534,pb_roe_squared,
688777.SH,"{'pe': 33.8111, 'roe': 11.14, 'dividend_payout_ratio': 0.4190114553968644}",3.621747903113414,dividend_correction,
688981.SH,"{'pb': 4.9928, 'roe': 2.5}",79.8848,pb_roe_squared,
832982.BJ,"{'pe': 53.2115, 'roa': 4195.84}",0.008454643964815944,roa_correction,
839680.BJ,,,,无法获取 839680.BJ 在 20250725 的基本估值指标。
689009.SH,"{'pb': 7.2196, 'roe': 19.1}",1.979002768564458,pb_roe_squared,
